iso3,paese,paese_en,tasso
AFG,Afghanistan,Afghanistan,
ALB,Albania,Albania,
DZA,Algeria,Algeria,
AGO,Angola,Angola,
SAU,Arabia Saudita,Saudi Arabia,
ARG,Argentina,Argentina,
ARM,Armenia,Armenia,
AUS,Australia,Australia,
AUT,Austria,Austria,
AZE,Azerbaigian,Azerbaijan,
BHS,Bahamas,Bahamas,
BGD,Bangladesh,Bangladesh,
BEL,Belgio,Belgium,
BLZ,Belize,Belize,
BEN,Benin,Benin,
BTN,Bhutan,Bhutan,
BLR,Bielorussia,Belarus,
MMR,Birmania  Myanmar,Myanmar,
BOL,Bolivia,Bolivia,
BIH,Bosnia ed Erzegovina,Bosnia and Herzegovina,
BWA,Botswana,Botswana,
BRA,Brasile,Brazil,
BRN,Brunei,Brunei Darussalam,
BGR,Bulgaria,Bulgaria,
BFA,Burkina Faso,Burkina Faso,
BDI,Burundi,Burundi,
KHM,Cambogia,Cambodia,
CMR,Camerun,Cameroon,
CAN,Canada,Canada,
TCD,Ciad,Chad,
CHL,Cile,Chile,
CHN,Cina,People's Republic of China,
CYP,Cipro,Cyprus,
COL,Colombia,Colombia,
PRK,Corea del Nord,North Korea,
KOR,Corea del Sud,South Korea,
CIV,Costa d'Avorio,Cote d'Ivoire,
CRI,Costa Rica,Costa Rica,
HRV,Croazia,Croatia,
CUB,Cuba,Cuba,
DNK,Danimarca,Denmark,
ECU,Ecuador,Ecuador,
EGY,Egitto,Egypt,
SLV,El Salvador,El Salvador,
ARE,Emirati Arabi Uniti,United Arab Emirates,
ERI,Eritrea,Eritrea,
EST,Estonia,Estonia,
SWZ,Eswatini,Eswatini,
ETH,Etiopia,Ethiopia,
FJI,Figi,Fiji,
PHL,Filippine,Philippines,
FIN,Finlandia,Finland,
FRA,Francia,France,
GAB,Gabon,Gabon,
GMB,Gambia,Republic of The Gambia,
GEO,Georgia,Georgia,
DEU,Germania,Germany,
GHA,Ghana,Ghana,
JAM,Giamaica,Jamaica,
JPN,Giappone,Japan,
DJI,Gibuti,Djibouti,
JOR,Giordania,Jordan,
GRC,Grecia,Greece,
GRL,Groenlandia,Greenland,
GTM,Guatemala,Guatemala,
GIN,Guinea,Guinea,
GNQ,Guinea Equatoriale,Equatorial Guinea,
GNB,Guinea-Bissau,Guinea-Bissau,
GUY,Guyana,Guyana,
HTI,Haiti,Haiti,
HND,Honduras,Honduras,
IND,India,India,
IDN,Indonesia,Indonesia,
IRN,Iran,Islamic Republic of Iran,
IRQ,Iraq,Iraq,
IRL,Irlanda,Ireland,
ISL,Islanda,Iceland,
FLK,Isole Falkland,Falkland Islands (Malvinas),
SLB,Isole Salomone,Solomon Islands,
ISR,Israele,Israel,
ITA,Italia,Italy,
KAZ,Kazakistan,Kazakhstan,
KEN,Kenya,Kenya,
KGZ,Kirghizistan,Kyrgyzstan,
KWT,Kuwait,Kuwait,
LAO,Laos,Lao People's Democratic Republic,
LSO,Lesotho,Lesotho,
LVA,Lettonia,Latvia,
LBN,Libano,Lebanon,
LBR,Liberia,Liberia,
LBY,Libia,Libya,
LTU,Lituania,Lithuania,
LUX,Lussemburgo,Luxembourg,
MKD,Macedonia del Nord,The Republic of North Macedonia,
MDG,Madagascar,Madagascar,
MWI,Malawi,Malawi,
MYS,Malesia,Malaysia,
MLI,Mali,Mali,
MAR,Marocco,Morocco,
MRT,Mauritania,Mauritania,
MEX,Messico,Mexico,
MDA,Moldavia,"Moldova, Republic of",
MNG,Mongolia,Mongolia,
MNE,Montenegro,Montenegro,
MOZ,Mozambico,Mozambique,
NAM,Namibia,Namibia,
NPL,Nepal,Nepal,
NIC,Nicaragua,Nicaragua,
NER,Niger,Niger,
NGA,Nigeria,Nigeria,
NOR,Norvegia,Norway,
NCL,Nuova Caledonia,New Caledonia,
NZL,Nuova Zelanda,New Zealand,
OMN,Oman,Oman,
NLD,Paesi Bassi,Netherlands,
PAK,Pakistan,Pakistan,
PAN,Panamá,Panama,
PNG,Papua Nuova Guinea,Papua New Guinea,
PRY,Paraguay,Paraguay,
PER,Perù,Peru,
POL,Polonia,Poland,
PRI,Porto Rico,Puerto Rico,
PRT,Portogallo,Portugal,
QAT,Qatar,Qatar,
GBR,Regno Unito,United Kingdom,
CZE,Repubblica Ceca,Czech Republic,
CAF,Repubblica Centrafricana,Central African Republic,
COG,Repubblica del Congo,Republic of the Congo,
COD,Repubblica Democratica del Congo,Democratic Republic of the Congo,
TWN,Repubblica di Cina,"Taiwan, Province of China",
DOM,Repubblica Dominicana,Dominican Republic,
ROU,Romania,Romania,
RWA,Ruanda,Rwanda,
RUS,Russia,Russian Federation,
ESH,Sahara Occidentale,Western Sahara,
SEN,Senegal,Senegal,
SRB,Serbia,Serbia,
SLE,Sierra Leone,Sierra Leone,
SYR,Siria,Syrian Arab Republic,
SVK,Slovacchia,Slovakia,
SVN,Slovenia,Slovenia,
SOM,Somalia,Somalia,
ESP,Spagna,Spain,
LKA,Sri Lanka,Sri Lanka,
USA,Stati Uniti d'America,United States of America,
PSE,Stato di Palestina,State of Palestine,
ZAF,Sudafrica,South Africa,
SDN,Sudan,Sudan,
SSD,Sudan del Sud,South Sudan,
SUR,Suriname,Suriname,
SWE,Svezia,Sweden,
CHE,Svizzera,Switzerland,
TJK,Tagikistan,Tajikistan,
TZA,Tanzania,United Republic of Tanzania,
ATF,Territori Francesi del Sud,French Southern Territories,
THA,Thailandia,Thailand,
TLS,Timor Est,Timor-Leste,
TGO,Togo,Togo,
TTO,Trinidad e Tobago,Trinidad and Tobago,
TUN,Tunisia,Tunisia,
TUR,Turchia,Türkiye,
TKM,Turkmenistan,Turkmenistan,
UKR,Ucraina,Ukraine,
UGA,Uganda,Uganda,
HUN,Ungheria,Hungary,
URY,Uruguay,Uruguay,
UZB,Uzbekistan,Uzbekistan,
VUT,Vanuatu,Vanuatu,
VEN,Venezuela,Venezuela,
VNM,Vietnam,Vietnam,
XKX,,,
YEM,Yemen,Yemen,
ZMB,Zambia,Zambia,
ZWE,Zimbabwe,Zimbabwe,
