iso3,country,wellbeing
AFG,Afghanistan,
ALB,Albania,
DZA,Algeria,
AGO,Angola,
ARG,Argentina,
ARM,Armenia,
AUS,Australia,
AUT,Austria,
AZE,Azerbaijan,
BHS,Bahamas,
BGD,Bangladesh,
BLR,Belarus,
BEL,Belgium,
BLZ,Belize,
BEN,Benin,
BTN,Bhutan,
BOL,Bolivia,
BIH,Bosnia and Herzegovina,
BWA,Botswana,
BRA,Brazil,
BRN,Brunei Darussalam,
BGR,Bulgaria,
BFA,Burkina Faso,
BDI,Burundi,
KHM,Cambodia,
CMR,Cameroon,
CAN,Canada,
CAF,Central African Republic,
TCD,Chad,
CHL,Chile,
COL,Colombia,
CRI,Costa Rica,
CIV,Cote d'Ivoire,
HRV,Croatia,
CUB,Cuba,
CYP,Cyprus,
CZE,Czech Republic,
COD,Democratic Republic of the Congo,
DNK,Denmark,
DJI,Djibouti,
DOM,Dominican Republic,
ECU,Ecuador,
EGY,Egypt,
SLV,El Salvador,
GNQ,Equatorial Guinea,
ERI,Eritrea,
EST,Estonia,
SWZ,Eswatini,
ETH,Ethiopia,
FLK,Falkland Islands (Malvinas),
FJI,Fiji,
FIN,Finland,
FRA,France,
ATF,French Southern Territories,
GAB,Gabon,
GEO,Georgia,
DEU,Germany,
GHA,Ghana,
GRC,Greece,
GRL,Greenland,
GTM,Guatemala,
GIN,Guinea,
GNB,Guinea-Bissau,
GUY,Guyana,
HTI,Haiti,
HND,Honduras,
HUN,Hungary,
ISL,Iceland,
IND,India,
IDN,Indonesia,
IRQ,Iraq,
IRL,Ireland,
IRN,Islamic Republic of Iran,
ISR,Israel,
ITA,Italy,
JAM,Jamaica,
JPN,Japan,
JOR,Jordan,
KAZ,Kazakhstan,
KEN,Kenya,
KWT,Kuwait,
KGZ,Kyrgyzstan,
LAO,Lao People's Democratic Republic,
LVA,Latvia,
LBN,Lebanon,
LSO,Lesotho,
LBR,Liberia,
LBY,Libya,
LTU,Lithuania,
LUX,Luxembourg,
MDG,Madagascar,
MWI,Malawi,
MYS,Malaysia,
MLI,Mali,
MRT,Mauritania,
MEX,Mexico,
MDA,"Moldova, Republic of",
MNG,Mongolia,
MNE,Montenegro,
MAR,Morocco,
MOZ,Mozambique,
MMR,Myanmar,
NAM,Namibia,
NPL,Nepal,
NLD,Netherlands,
NCL,New Caledonia,
NZL,New Zealand,
NIC,Nicaragua,
NER,Niger,
NGA,Nigeria,
PRK,North Korea,
NOR,Norway,
OMN,Oman,
PAK,Pakistan,
PAN,Panama,
PNG,Papua New Guinea,
PRY,Paraguay,
CHN,People's Republic of China,
PER,Peru,
PHL,Philippines,
POL,Poland,
PRT,Portugal,
PRI,Puerto Rico,
QAT,Qatar,
COG,Republic of the Congo,
GMB,Republic of The Gambia,
ROU,Romania,
RUS,Russian Federation,
RWA,Rwanda,
SAU,Saudi Arabia,
SEN,Senegal,
SRB,Serbia,
SLE,Sierra Leone,
SVK,Slovakia,
SVN,Slovenia,
SLB,Solomon Islands,
SOM,Somalia,
ZAF,South Africa,
KOR,South Korea,
SSD,South Sudan,
ESP,Spain,
LKA,Sri Lanka,
PSE,State of Palestine,
SDN,Sudan,
SUR,Suriname,
SWE,Sweden,
CHE,Switzerland,
SYR,Syrian Arab Republic,
TWN,"Taiwan, Province of China",
TJK,Tajikistan,
THA,Thailand,
MKD,The Republic of North Macedonia,
TLS,Timor-Leste,
TGO,Togo,
TTO,Trinidad and Tobago,
TUN,Tunisia,
TUR,Türkiye,
TKM,Turkmenistan,
UGA,Uganda,
UKR,Ukraine,
ARE,United Arab Emirates,
GBR,United Kingdom,
TZA,United Republic of Tanzania,
USA,United States of America,
URY,Uruguay,
UZB,Uzbekistan,
VUT,Vanuatu,
VEN,Venezuela,
VNM,Vietnam,
ESH,Western Sahara,
XKX,,
YEM,Yemen,
ZMB,Zambia,
ZWE,Zimbabwe,
